"id","gender","overall6","address2","lcpoints","lcmaths","mathlev1","lcphysic","havephy","lcchem","havechem","lcappmth","haveappm","lcenr","haveenr","lcpch","havepch","lctdr","havetdr","caochc2","core1","core2","core3","award"
1,1,0,2,340,60,2,NA,0,NA,0,NA,0,NA,0,NA,0,55,1,1,"maths","mech","physics",1
2,1,0,2,295,50,1,NA,0,NA,0,NA,0,NA,0,NA,0,50,1,1,"maths","mech","physics",1
3,1,0,1,280,20,1,NA,0,NA,0,NA,0,NA,0,NA,0,NA,0,4,"maths","mech","physics",1
4,1,0,2,305,45,1,NA,0,NA,0,NA,0,85,1,NA,0,NA,0,3,"maths","mech","physics",1
5,1,0,3,325,35,1,NA,0,NA,0,NA,0,NA,0,NA,0,NA,0,1,"maths","mech","physics",1
6,0,0,2,315,80,2,55,1,50,1,NA,0,NA,0,NA,0,NA,0,1,"maths","mech","physics",1
7,0,0,1,270,5,1,NA,0,NA,0,NA,0,65,1,NA,0,NA,0,1,"maths","mech","physics",1
8,1,0,2,340,35,1,NA,0,NA,0,NA,0,75,1,NA,0,50,1,3,"maths","mech","physics",1
9,1,0,2,320,35,1,NA,0,NA,0,NA,0,NA,0,NA,0,NA,0,1,"maths","mech","physics",1
10,1,0,1,280,20,1,NA,0,NA,0,NA,0,NA,0,NA,0,NA,0,1,"maths","mech","physics",1
11,1,0,1,320,55,2,60,1,NA,0,NA,0,NA,0,NA,0,NA,0,1,"maths","mech","physics",1
12,1,0,3,305,40,1,40,1,NA,0,NA,0,80,1,NA,0,50,1,2,"maths","mech","physics",1
13,1,0,2,NA,NA,NA,NA,NA,NA,0,NA,0,NA,0,NA,0,NA,0,1,"maths","mech","physics",1
14,1,0,3,300,45,1,45,1,NA,0,NA,0,NA,0,NA,0,NA,0,1,"maths","mech","physics",1
15,1,0,2,290,20,1,NA,0,NA,0,NA,0,NA,0,NA,0,NA,0,1,"maths","mech","physics",1
16,1,1,2,355,60,2,50,1,NA,0,NA,0,NA,0,NA,0,75,1,1,"maths","mech","physics",1
17,1,1,2,330,45,1,NA,0,NA,0,NA,0,NA,0,NA,0,NA,0,1,"maths","mech","physics",1
18,1,1,2,385,45,1,70,1,80,1,NA,0,75,1,NA,0,NA,0,1,"maths","mech","physics",1
19,1,1,1,385,60,1,60,1,NA,0,NA,0,NA,0,NA,0,60,1,1,"maths","mech","physics",1
20,1,1,2,305,40,1,NA,0,NA,0,NA,0,NA,0,NA,0,NA,0,1,"maths","mech","physics",1
21,1,1,2,365,45,1,45,1,NA,0,NA,0,NA,0,NA,0,80,1,1,"maths","mech","physics",1
22,1,1,3,295,35,1,NA,0,NA,0,NA,0,45,1,NA,0,60,1,1,"maths","mech","physics",1
23,1,1,1,375,50,2,50,1,NA,0,NA,0,NA,0,NA,0,60,1,1,"maths","mech","physics",1
24,1,1,2,420,50,2,NA,0,NA,0,NA,0,NA,0,60,1,NA,0,1,"maths","mech","physics",1
25,1,1,2,310,20,1,NA,0,NA,0,NA,0,NA,0,NA,0,NA,0,2,"maths","mech","physics",1
26,1,1,3,390,60,1,NA,0,NA,0,NA,0,70,1,60,1,NA,0,1,"maths","mech","physics",1
27,1,1,1,290,75,2,45,1,NA,0,45,1,NA,0,NA,0,NA,0,2,"maths","mech","physics",1
28,1,1,2,330,50,2,60,1,25,1,55,1,NA,0,NA,0,NA,0,2,"maths","mech","physics",1
29,1,1,1,325,35,1,45,1,NA,0,NA,0,NA,0,NA,0,NA,0,1,"maths","mech","physics",1
30,1,1,2,395,55,2,60,1,NA,0,NA,0,NA,0,NA,0,75,1,1,"maths","mech","physics",1
31,1,1,1,315,35,1,25,1,NA,0,NA,0,NA,0,NA,0,NA,0,2,"maths","mech","physics",1
32,1,1,1,295,45,2,50,1,NA,0,NA,0,NA,0,NA,0,NA,0,2,"maths","mech","physics",1
33,1,1,2,380,40,1,NA,0,NA,0,NA,0,85,1,NA,0,75,1,1,"maths","mech","physics",1
34,1,1,2,325,60,1,NA,0,65,1,NA,0,NA,0,NA,0,NA,0,1,"maths","mech","physics",1
35,0,1,2,370,50,2,50,1,NA,0,NA,0,NA,0,NA,0,NA,0,1,"maths","mech","physics",1
36,1,1,3,425,45,2,NA,0,NA,0,NA,0,90,1,NA,0,75,1,1,"maths","mech","physics",1
37,0,1,2,295,30,1,NA,0,NA,0,NA,0,NA,0,NA,0,NA,0,2,"maths","mech","physics",1
38,1,1,1,305,60,1,0,1,NA,0,NA,0,NA,0,NA,0,NA,0,1,"maths","mech","physics",1
39,1,1,2,370,60,1,40,1,NA,0,NA,0,NA,0,NA,0,80,1,1,"maths","mech","physics",1
40,1,1,3,410,80,2,50,1,NA,0,NA,0,NA,0,NA,0,80,1,1,"maths","mech","physics",1
41,0,1,1,NA,NA,NA,NA,NA,NA,0,NA,0,NA,0,NA,0,NA,0,NA,"maths","mech","physics",2
42,1,0,1,120,5,1,0,1,NA,0,NA,0,NA,0,NA,0,0,1,1,"appmath","elec","trans",1
43,1,0,3,290,70,1,35,0,NA,0,NA,0,90,1,NA,0,NA,0,1,"appmath","elec","trans",1
44,0,0,1,260,30,1,NA,0,NA,0,NA,0,NA,0,NA,0,NA,0,1,"appmath","elec","trans",1
45,1,0,1,130,5,1,NA,0,NA,0,NA,0,NA,0,NA,0,NA,0,4,"appmath","elec","trans",1
46,1,0,1,240,5,1,NA,0,NA,0,NA,0,75,1,NA,0,NA,0,2,"appmath","elec","trans",1
47,1,0,1,220,35,1,NA,0,NA,0,NA,0,NA,0,NA,0,NA,0,2,"appmath","elec","trans",1
48,1,0,1,200,15,1,15,1,NA,0,NA,0,55,1,NA,0,NA,0,4,"appmath","elec","trans",1
49,1,0,2,250,20,1,NA,0,NA,0,NA,0,NA,0,NA,0,NA,0,1,"appmath","elec","trans",1
50,1,0,1,120,10,1,NA,0,NA,0,NA,0,15,1,NA,0,NA,0,4,"appmath","elec","trans",1
51,1,0,2,140,25,1,NA,0,NA,0,NA,0,NA,0,NA,0,5,1,3,"appmath","elec","trans",1
52,1,0,3,230,0,1,NA,0,NA,0,NA,0,NA,0,NA,0,NA,0,2,"appmath","elec","trans",1
53,1,1,1,200,15,1,NA,0,NA,0,NA,0,NA,0,NA,0,0,1,1,"appmath","elec","trans",1
54,1,1,3,315,60,1,NA,0,NA,0,NA,0,NA,0,NA,0,75,1,1,"appmath","elec","trans",1
55,1,1,2,85,10,1,NA,0,NA,0,NA,0,NA,0,NA,0,NA,0,1,"appmath","elec","trans",1
56,0,1,1,280,35,1,NA,0,NA,0,NA,0,40,1,NA,0,NA,0,1,"appmath","elec","trans",1
57,0,1,1,315,35,1,NA,0,NA,0,NA,0,NA,0,NA,0,NA,0,1,"appmath","elec","trans",1
58,1,1,2,130,5,1,NA,0,NA,0,NA,0,50,1,NA,0,35,1,1,"appmath","elec","trans",1
59,1,1,3,330,15,1,NA,0,NA,0,NA,0,NA,0,NA,0,NA,0,4,"appmath","elec","trans",1
60,1,1,2,235,30,1,NA,0,NA,0,NA,0,70,1,NA,0,NA,0,1,"appmath","elec","trans",1
61,1,1,3,220,35,1,20,1,NA,0,NA,0,75,1,NA,0,NA,0,2,"appmath","elec","trans",1
62,1,1,2,310,40,1,NA,0,NA,0,NA,0,80,1,NA,0,55,1,1,"appmath","elec","trans",1
63,1,1,2,290,10,1,NA,0,NA,0,NA,0,NA,0,NA,0,NA,0,3,"appmath","elec","trans",1
64,0,1,1,245,25,1,NA,0,NA,0,NA,0,NA,0,NA,0,NA,0,1,"appmath","elec","trans",1
65,1,1,2,NA,NA,NA,NA,NA,NA,0,NA,0,NA,0,NA,0,NA,0,NA,"appmath","elec","trans",2
66,1,0,2,370,35,1,NA,0,NA,0,NA,0,NA,0,NA,0,60,1,1,"maths","mech","engsci",1
67,1,0,3,415,50,1,NA,0,NA,0,NA,0,NA,0,NA,0,80,1,1,"maths","mech","engsci",1
68,1,0,1,400,85,2,55,1,NA,0,NA,0,NA,0,NA,0,NA,0,1,"maths","mech","engsci",1
69,1,0,3,350,50,1,NA,0,NA,0,NA,0,NA,0,NA,0,NA,0,1,"maths","mech","engsci",1
70,1,0,1,375,70,2,45,1,NA,0,NA,0,NA,0,NA,0,NA,0,1,"maths","mech","engsci",1
71,1,0,3,355,60,2,40,1,NA,0,45,1,NA,0,NA,0,NA,0,2,"maths","mech","engsci",1
72,1,0,3,400,50,1,NA,0,NA,0,NA,0,NA,0,NA,0,NA,0,1,"maths","mech","engsci",1
73,1,0,2,380,45,1,NA,0,NA,0,NA,0,NA,0,NA,0,75,1,1,"maths","mech","engsci",1
74,1,0,2,385,35,1,55,1,NA,0,NA,0,NA,0,NA,0,NA,0,1,"maths","mech","engsci",1
75,1,0,2,385,50,1,NA,0,NA,0,NA,0,NA,0,NA,0,NA,0,1,"maths","mech","engsci",1
76,1,0,1,315,65,2,NA,0,NA,0,NA,0,NA,0,NA,0,50,1,2,"maths","mech","engsci",1
77,1,0,2,375,40,1,NA,0,NA,0,NA,0,NA,0,NA,0,NA,0,2,"maths","mech","engsci",1
78,0,0,3,440,60,1,NA,0,NA,0,NA,0,NA,0,NA,0,75,1,1,"maths","mech","engsci",1
79,1,0,2,215,10,1,NA,0,NA,0,NA,0,NA,0,NA,0,NA,0,3,"maths","mech","engsci",1
80,1,0,2,300,40,1,25,1,NA,0,NA,0,NA,0,NA,0,NA,0,1,"maths","mech","engsci",1
81,1,0,1,450,55,2,70,1,NA,0,NA,0,NA,0,NA,0,NA,0,2,"maths","mech","engsci",1
82,1,1,2,355,60,1,45,1,NA,0,NA,0,NA,0,NA,0,75,1,2,"maths","mech","engsci",1
83,1,1,1,355,0,2,70,1,NA,0,NA,0,NA,0,NA,0,NA,0,1,"maths","mech","engsci",1
84,1,1,3,410,55,2,NA,0,60,1,NA,0,NA,0,NA,0,NA,0,1,"maths","mech","engsci",1
85,1,1,2,415,65,2,45,1,NA,0,60,1,NA,0,NA,0,90,1,1,"maths","mech","engsci",1
86,1,1,2,375,60,1,50,1,NA,0,NA,0,NA,0,NA,0,NA,0,1,"maths","mech","engsci",1
87,1,1,1,350,45,1,NA,0,NA,0,NA,0,NA,0,NA,0,70,1,1,"maths","mech","engsci",1
88,1,1,3,400,75,2,60,1,NA,0,NA,0,NA,0,NA,0,80,1,1,"maths","mech","engsci",1
89,1,1,2,395,55,2,75,1,NA,0,NA,0,NA,0,NA,0,NA,0,1,"maths","mech","engsci",1
90,1,1,3,365,60,1,NA,0,NA,0,NA,0,NA,0,55,1,NA,0,1,"maths","mech","engsci",1
91,1,1,2,475,50,2,NA,0,NA,0,NA,0,NA,0,NA,0,100,1,1,"maths","mech","engsci",1
92,1,1,2,425,80,2,75,1,60,1,60,1,NA,0,NA,0,75,1,1,"maths","mech","engsci",1
93,1,1,2,385,45,2,NA,0,NA,0,NA,0,NA,0,NA,0,NA,0,1,"maths","mech","engsci",1
94,1,1,3,375,50,1,45,1,NA,0,NA,0,NA,0,NA,0,75,1,2,"maths","mech","engsci",1
95,1,1,2,280,35,1,35,1,NA,0,NA,0,NA,0,NA,0,NA,0,1,"maths","mech","engsci",1
96,1,1,3,355,45,1,NA,0,NA,0,NA,0,NA,0,NA,0,NA,0,1,"maths","mech","engsci",1
97,1,1,2,400,30,1,NA,0,NA,0,NA,0,NA,0,NA,0,NA,0,1,"maths","mech","engsci",1
98,1,1,2,385,55,2,0,1,NA,0,NA,0,80,1,0,1,70,1,1,"maths","mech","engsci",1
99,0,1,3,415,40,1,55,1,NA,0,NA,0,85,1,NA,0,NA,0,1,"maths","mech","engsci",1
100,1,1,3,410,60,1,NA,0,NA,0,NA,0,NA,0,NA,0,100,1,1,"maths","mech","engsci",1
101,1,1,3,395,45,2,45,1,NA,0,NA,0,NA,0,NA,0,75,1,1,"maths","mech","engsci",1
102,1,1,3,365,55,2,NA,0,NA,0,NA,0,NA,0,80,1,NA,0,1,"maths","mech","engsci",1
103,1,1,3,380,55,2,70,1,NA,0,NA,0,NA,0,NA,0,65,1,1,"maths","mech","engsci",1
104,1,1,2,440,60,1,NA,0,NA,0,NA,0,NA,0,75,1,90,1,1,"maths","mech","engsci",1
105,0,1,1,195,25,1,NA,0,NA,0,NA,0,NA,0,NA,0,NA,0,3,"maths","mech","engsci",1
106,1,1,2,390,50,1,70,1,NA,0,NA,0,NA,0,NA,0,NA,0,1,"maths","mech","engsci",1
107,1,1,3,370,25,1,NA,0,NA,0,NA,0,75,1,NA,0,NA,0,1,"maths","mech","engsci",1
108,1,1,2,405,50,2,65,1,NA,0,55,1,NA,0,NA,0,75,1,1,"maths","mech","engsci",1
109,1,1,3,415,80,2,60,1,NA,0,NA,0,NA,0,NA,0,90,1,1,"maths","mech","engsci",1
110,1,1,2,400,60,2,NA,0,NA,0,NA,0,NA,0,NA,0,80,1,1,"maths","mech","engsci",1
111,1,1,1,310,45,1,25,1,NA,0,NA,0,NA,0,NA,0,NA,0,1,"maths","mech","engsci",1
112,1,1,2,355,45,2,45,1,NA,0,NA,0,NA,0,NA,0,80,1,1,"maths","mech","engsci",1
113,1,1,2,425,45,2,NA,0,NA,0,NA,0,NA,0,NA,0,70,1,1,"maths","mech","engsci",1
114,1,1,3,400,70,2,NA,0,65,1,NA,0,NA,0,NA,0,NA,0,2,"maths","mech","engsci",1
115,1,1,2,370,65,2,NA,0,NA,0,50,1,NA,0,NA,0,75,1,1,"maths","mech","engsci",1
116,1,1,3,350,65,2,50,1,NA,0,NA,0,NA,0,NA,0,55,1,1,"maths","mech","engsci",1
117,1,1,3,390,80,2,50,1,NA,0,NA,0,NA,0,NA,0,80,1,1,"maths","mech","engsci",1
118,0,0,2,330,50,2,NA,0,NA,0,NA,0,NA,0,50,1,NA,0,1,"maths","mech","engsci",1
119,1,0,3,295,15,1,NA,0,NA,0,NA,0,NA,0,NA,0,55,1,2,"maths","mech","engsci",1
120,1,0,1,300,5,1,NA,0,NA,0,NA,0,NA,0,NA,0,NA,0,1,"maths","mech","engsci",1
121,1,0,1,295,30,1,NA,0,NA,0,NA,0,NA,0,NA,0,45,1,3,"maths","mech","engsci",1
122,1,0,3,290,15,1,NA,0,NA,0,NA,0,NA,0,NA,0,NA,0,3,"maths","mech","engsci",1
123,1,0,2,235,15,1,NA,0,NA,0,NA,0,NA,0,NA,0,NA,0,1,"maths","mech","engsci",1
124,1,0,2,315,10,1,NA,0,NA,0,NA,0,75,1,NA,0,NA,0,1,"maths","mech","engsci",1
125,1,0,2,355,25,1,NA,0,NA,0,NA,0,NA,0,NA,0,NA,0,1,"maths","mech","engsci",1
126,1,0,3,270,45,1,NA,0,NA,0,NA,0,NA,0,NA,0,NA,0,4,"maths","mech","engsci",1
127,1,0,2,280,25,1,0,1,NA,0,NA,0,NA,0,NA,0,NA,0,3,"maths","mech","engsci",1
128,1,0,1,280,50,2,50,1,NA,0,NA,0,NA,0,NA,0,NA,0,3,"maths","mech","engsci",1
129,1,0,1,275,20,1,35,1,NA,0,NA,0,70,1,NA,0,NA,0,4,"maths","mech","engsci",1
130,0,0,3,285,15,1,NA,0,NA,0,NA,0,NA,0,NA,0,NA,0,2,"maths","mech","engsci",1
131,1,0,1,280,20,1,NA,0,NA,0,NA,0,NA,0,NA,0,NA,0,2,"maths","mech","engsci",1
132,1,0,2,300,35,1,30,1,NA,0,NA,0,NA,0,NA,0,70,1,3,"maths","mech","engsci",1
133,1,0,1,335,10,1,NA,0,NA,0,NA,0,NA,0,NA,0,NA,0,4,"maths","mech","engsci",1
134,1,0,3,280,5,1,15,1,NA,0,NA,0,75,1,NA,0,55,1,4,"maths","mech","engsci",1
135,1,0,3,280,15,1,NA,0,NA,0,NA,0,NA,0,NA,0,NA,0,1,"maths","mech","engsci",1
136,1,0,2,290,15,1,NA,0,NA,0,NA,0,NA,0,NA,0,NA,0,3,"maths","mech","engsci",1
137,1,0,2,310,15,1,NA,0,NA,0,NA,0,NA,0,NA,0,NA,0,1,"maths","mech","engsci",1
138,1,0,2,310,20,1,NA,0,NA,0,NA,0,NA,0,NA,0,NA,0,3,"maths","mech","engsci",1
139,1,0,3,325,25,1,NA,0,NA,0,NA,0,NA,0,NA,0,NA,0,2,"maths","mech","engsci",1
140,1,0,1,280,20,1,NA,0,NA,0,NA,0,NA,0,NA,0,NA,0,4,"maths","mech","engsci",1
141,1,0,1,325,50,1,NA,0,NA,0,NA,0,NA,0,NA,0,NA,0,2,"maths","mech","engsci",1
142,1,0,3,310,20,1,NA,0,NA,0,NA,0,NA,0,NA,0,50,1,1,"maths","mech","engsci",1
143,1,0,1,280,25,1,35,1,NA,0,NA,0,80,1,NA,0,NA,0,2,"maths","mech","engsci",1
144,1,0,2,280,20,1,0,1,NA,0,NA,0,NA,0,NA,0,NA,0,3,"maths","mech","engsci",1
145,1,1,2,280,30,1,NA,0,NA,0,NA,0,NA,0,NA,0,NA,0,4,"maths","mech","engsci",1
146,1,1,2,300,50,2,NA,0,NA,0,NA,0,NA,0,NA,0,NA,0,4,"maths","mech","engsci",1
147,1,1,3,175,10,1,NA,0,NA,0,NA,0,NA,0,NA,0,NA,0,1,"maths","mech","engsci",1
148,1,1,1,305,35,1,NA,0,NA,0,NA,0,75,1,NA,0,75,1,2,"maths","mech","engsci",1
149,1,1,2,340,20,1,NA,0,NA,0,NA,0,NA,0,NA,0,NA,0,1,"maths","mech","engsci",1
150,1,1,3,410,50,1,65,1,NA,0,NA,0,NA,0,NA,0,70,1,1,"maths","mech","engsci",1
151,1,1,1,295,30,1,NA,0,NA,0,NA,0,NA,0,NA,0,NA,0,1,"maths","mech","engsci",1
152,1,1,2,275,20,1,35,1,NA,0,NA,0,70,1,NA,0,NA,0,4,"maths","mech","engsci",1
153,1,1,1,330,45,1,NA,0,NA,0,NA,0,NA,0,NA,0,NA,0,3,"maths","mech","engsci",1
154,1,1,3,305,25,1,35,1,NA,0,NA,0,45,1,NA,0,NA,0,1,"maths","mech","engsci",1
155,1,1,1,275,25,1,NA,0,NA,0,NA,0,NA,0,NA,0,NA,0,4,"maths","mech","engsci",1
156,1,1,2,270,40,1,NA,0,NA,0,NA,0,NA,0,NA,0,NA,0,2,"maths","mech","engsci",1
157,1,1,2,345,60,1,0,1,NA,0,NA,0,NA,0,NA,0,85,1,1,"maths","mech","engsci",1
158,1,1,3,295,50,2,40,1,30,1,NA,0,NA,0,NA,0,70,1,3,"maths","mech","engsci",1
159,1,1,1,310,40,1,NA,0,NA,0,NA,0,NA,0,NA,0,NA,0,3,"maths","mech","engsci",1
160,1,1,3,330,30,1,NA,0,NA,0,NA,0,75,1,NA,0,NA,0,2,"maths","mech","engsci",1
161,1,1,1,290,40,1,NA,0,NA,0,NA,0,NA,0,NA,0,NA,0,4,"maths","mech","engsci",1
162,1,1,1,375,40,1,NA,0,NA,0,NA,0,NA,0,NA,0,NA,0,1,"maths","mech","engsci",1
163,1,1,2,300,15,1,NA,0,NA,0,NA,0,NA,0,NA,0,NA,0,3,"maths","mech","engsci",1
164,1,1,1,350,60,2,50,1,NA,0,NA,0,NA,0,NA,0,NA,0,1,"maths","mech","engsci",1
165,1,0,1,350,30,1,35,1,30,1,NA,0,NA,0,NA,0,NA,0,3,"maths","mech","engsci",1
166,1,0,2,405,45,1,NA,0,NA,0,NA,0,NA,0,NA,0,NA,0,1,"maths","mech","engsci",1
167,1,0,2,440,50,1,55,1,NA,0,NA,0,80,1,NA,0,NA,0,1,"maths","mech","engsci",1
168,1,0,3,355,25,1,NA,0,NA,0,NA,0,NA,0,NA,0,NA,0,1,"maths","mech","engsci",1
169,1,0,3,310,50,1,15,1,NA,0,NA,0,75,1,NA,0,NA,0,1,"maths","mech","engsci",1
170,1,0,2,400,60,1,80,1,NA,0,NA,0,NA,0,NA,0,60,1,1,"maths","mech","engsci",1
171,1,0,2,390,50,2,NA,0,NA,0,NA,0,85,1,NA,0,NA,0,1,"maths","mech","engsci",1
172,1,0,2,335,60,1,NA,0,50,1,NA,0,NA,0,NA,0,65,1,1,"maths","mech","engsci",1
173,1,0,2,320,35,1,NA,0,NA,0,NA,0,NA,0,NA,0,60,1,1,"maths","mech","engsci",1
174,1,0,2,370,45,1,NA,0,45,1,NA,0,NA,0,NA,0,75,1,1,"maths","mech","engsci",1
175,1,0,1,315,45,1,45,1,NA,0,NA,0,75,1,NA,0,55,1,1,"maths","mech","engsci",1
176,1,0,1,335,35,1,25,1,NA,0,NA,0,NA,0,NA,0,NA,0,1,"maths","mech","engsci",1
177,1,0,2,320,20,1,NA,0,NA,0,NA,0,NA,0,NA,0,NA,0,1,"maths","mech","engsci",1
178,0,0,2,325,50,2,0,1,NA,0,NA,0,NA,0,NA,0,70,1,1,"maths","mech","engsci",1
179,0,0,2,350,45,2,0,1,NA,0,NA,0,NA,0,NA,0,NA,0,1,"maths","mech","engsci",1
180,1,1,3,390,50,2,NA,0,NA,0,NA,0,85,1,NA,0,NA,0,1,"maths","mech","engsci",1
181,1,1,3,380,15,1,NA,0,NA,0,NA,0,80,1,NA,0,NA,0,1,"maths","mech","engsci",1
182,1,1,2,335,55,2,60,1,NA,0,NA,0,NA,0,NA,0,NA,0,1,"maths","mech","engsci",1
183,1,1,3,365,50,1,25,1,NA,0,NA,0,NA,0,NA,0,NA,0,1,"maths","mech","engsci",1
184,1,1,3,325,55,2,45,1,NA,0,45,1,NA,0,NA,0,65,1,2,"maths","mech","engsci",1
185,1,1,2,340,50,1,NA,0,NA,0,NA,0,90,1,NA,0,NA,0,2,"maths","mech","engsci",1
186,1,1,3,360,50,1,NA,0,NA,0,NA,0,NA,0,70,1,NA,0,1,"maths","mech","engsci",1
187,1,1,2,350,65,2,45,1,NA,0,NA,0,90,1,NA,0,75,1,1,"maths","mech","engsci",1
188,1,1,2,330,60,2,50,1,NA,0,50,1,NA,0,NA,0,NA,0,1,"maths","mech","engsci",1
189,1,1,2,320,45,2,NA,0,NA,0,NA,0,NA,0,NA,0,75,1,3,"maths","mech","engsci",1
190,1,1,2,320,65,2,NA,0,NA,0,NA,0,NA,0,NA,0,60,1,3,"maths","mech","engsci",1
191,1,1,1,335,55,2,35,1,NA,0,NA,0,NA,0,NA,0,NA,0,1,"maths","mech","engsci",1
192,1,1,3,325,55,2,NA,0,NA,0,NA,0,80,1,50,1,80,1,1,"maths","mech","engsci",1
193,1,1,2,365,40,1,65,1,NA,0,NA,0,90,1,NA,0,NA,0,1,"maths","mech","engsci",1
194,1,1,3,410,20,1,NA,0,NA,0,NA,0,85,1,NA,0,70,1,1,"maths","mech","engsci",1
195,1,1,3,410,50,2,50,1,NA,0,NA,0,100,1,NA,0,NA,0,1,"maths","mech","engsci",1
196,1,1,3,340,50,1,40,1,NA,0,NA,0,85,1,NA,0,90,1,1,"maths","mech","engsci",1
197,1,1,1,345,40,1,NA,0,NA,0,NA,0,75,1,NA,0,NA,0,1,"maths","mech","engsci",1
198,0,1,1,410,50,1,NA,0,55,1,NA,0,NA,0,NA,0,NA,0,1,"maths","mech","engsci",1
199,1,1,2,320,40,1,NA,0,NA,0,NA,0,NA,0,NA,0,NA,0,2,"maths","mech","engsci",1
200,1,1,1,340,80,2,45,1,NA,0,NA,0,NA,0,NA,0,65,1,2,"maths","mech","engsci",1
201,1,1,2,380,40,1,NA,0,NA,0,NA,0,NA,0,NA,0,NA,0,1,"maths","mech","engsci",1
202,1,1,2,265,45,2,65,1,40,1,50,1,NA,0,NA,0,65,1,2,"maths","mech","engsci",1
203,1,1,2,350,50,2,45,1,NA,0,NA,0,90,1,NA,0,NA,0,1,"maths","mech","engsci",1
204,1,1,1,355,50,2,35,1,NA,0,NA,0,90,1,NA,0,NA,0,1,"maths","mech","engsci",1
205,1,1,3,420,50,1,NA,0,NA,0,NA,0,NA,0,NA,0,NA,0,1,"maths","mech","engsci",1
206,1,1,1,325,40,1,NA,0,NA,0,NA,0,NA,0,NA,0,NA,0,1,"maths","mech","engsci",1
207,0,1,1,335,40,1,0,1,NA,0,NA,0,NA,0,NA,0,NA,0,1,"maths","mech","engsci",1
208,1,1,2,345,45,2,50,1,NA,0,NA,0,80,1,NA,0,NA,0,2,"maths","mech","engsci",1
209,0,1,2,385,30,1,NA,0,NA,0,NA,0,80,1,NA,0,NA,0,1,"maths","mech","engsci",1
210,1,1,3,365,35,1,NA,0,NA,0,NA,0,100,1,NA,0,NA,0,1,"maths","mech","engsci",1
211,1,1,1,345,45,1,NA,0,NA,0,NA,0,70,1,NA,0,NA,0,2,"maths","mech","engsci",1
212,1,1,3,280,45,2,45,1,35,1,NA,0,NA,0,NA,0,NA,0,1,"maths","mech","engsci",1
213,1,1,2,355,25,1,NA,0,NA,0,NA,0,70,1,NA,0,NA,0,1,"maths","mech","engsci",1
214,1,1,2,395,35,1,45,1,NA,0,NA,0,85,1,NA,0,NA,0,1,"maths","mech","engsci",1
215,1,1,3,385,45,1,NA,0,NA,0,NA,0,NA,0,NA,0,60,1,1,"maths","mech","engsci",1
216,1,1,1,335,30,1,NA,0,NA,0,NA,0,NA,0,NA,0,NA,0,1,"maths","mech","engsci",1
217,1,1,2,375,60,1,NA,0,NA,0,NA,0,NA,0,NA,0,NA,0,1,"maths","mech","engsci",1
218,1,1,2,345,35,1,45,1,NA,0,NA,0,90,1,NA,0,NA,0,2,"maths","mech","engsci",1
219,1,1,1,330,50,1,NA,0,NA,0,NA,0,NA,0,NA,0,60,1,2,"maths","mech","engsci",1
220,1,1,3,375,40,1,NA,0,NA,0,NA,0,85,1,45,1,75,1,1,"maths","mech","engsci",1
221,1,1,2,335,55,2,65,1,70,1,NA,0,NA,0,NA,0,80,1,1,"maths","mech","engsci",1
222,1,1,1,330,15,1,NA,0,NA,0,NA,0,NA,0,NA,0,45,1,4,"maths","mech","engsci",1
223,1,1,3,330,25,1,0,1,NA,0,NA,0,NA,0,NA,0,75,1,1,"maths","mech","engsci",1
224,1,1,3,375,60,2,55,1,55,1,NA,0,NA,0,NA,0,70,1,1,"maths","mech","engsci",1
225,1,1,2,365,50,1,45,1,NA,0,NA,0,NA,0,NA,0,NA,0,1,"maths","mech","engsci",1
226,1,1,2,425,60,1,NA,0,NA,0,NA,0,NA,0,NA,0,NA,0,1,"maths","mech","engsci",1
227,1,1,3,365,50,2,55,1,NA,0,NA,0,NA,0,NA,0,NA,0,1,"maths","mech","engsci",1
228,0,1,2,350,50,1,55,1,70,1,NA,0,NA,0,NA,0,NA,0,1,"maths","mech","engsci",1
229,1,1,3,345,55,2,65,1,NA,0,NA,0,90,1,NA,0,50,1,1,"maths","mech","engsci",1
230,1,0,2,305,35,1,NA,0,NA,0,NA,0,75,1,NA,0,NA,0,1,"maths","mech","engsci",1
231,1,0,1,255,30,1,NA,0,NA,0,NA,0,NA,0,NA,0,5,1,4,"maths","mech","engsci",1
232,1,0,1,280,30,1,NA,0,NA,0,NA,0,70,1,NA,0,NA,0,2,"maths","mech","engsci",1
233,1,0,1,170,5,1,NA,0,NA,0,NA,0,50,1,NA,0,NA,0,3,"maths","mech","engsci",1
234,1,0,2,180,10,1,NA,0,NA,0,NA,0,NA,0,NA,0,20,1,3,"maths","mech","engsci",1
235,1,0,2,150,25,1,NA,0,NA,0,NA,0,NA,0,NA,0,NA,0,1,"maths","mech","engsci",1
236,1,0,1,150,15,1,NA,0,35,1,NA,0,NA,0,NA,0,NA,0,2,"maths","mech","engsci",1
237,1,0,1,300,35,1,35,1,NA,0,NA,0,80,1,NA,0,NA,0,1,"maths","mech","engsci",1
238,1,0,1,205,5,1,NA,0,NA,0,NA,0,NA,0,NA,0,NA,0,4,"maths","mech","engsci",1
239,1,0,2,270,5,1,NA,0,NA,0,NA,0,NA,0,NA,0,NA,0,1,"maths","mech","engsci",1
240,1,0,3,245,15,1,NA,0,NA,0,NA,0,NA,0,NA,0,NA,0,1,"maths","mech","engsci",1
241,1,0,3,280,5,1,NA,0,NA,0,NA,0,65,1,60,1,NA,0,1,"maths","mech","engsci",1
242,1,0,2,215,25,1,NA,0,NA,0,NA,0,65,1,NA,0,NA,0,1,"maths","mech","engsci",1
243,1,0,1,245,10,1,10,1,NA,0,NA,0,NA,0,NA,0,NA,0,1,"maths","mech","engsci",1
244,1,0,2,215,5,1,NA,0,NA,0,NA,0,NA,0,NA,0,NA,0,1,"maths","mech","engsci",1
245,1,0,2,250,30,1,NA,0,45,1,NA,0,NA,0,NA,0,NA,0,1,"maths","mech","engsci",1
246,1,0,3,200,5,1,NA,0,NA,0,NA,0,NA,0,10,1,NA,0,1,"maths","mech","engsci",1
247,1,0,3,225,20,1,NA,0,NA,0,NA,0,70,1,NA,0,50,1,2,"maths","mech","engsci",1
248,1,0,1,250,20,1,20,1,NA,0,NA,0,NA,0,NA,0,NA,0,2,"maths","mech","engsci",1
249,1,0,1,305,20,1,NA,0,NA,0,NA,0,80,1,NA,0,NA,0,3,"maths","mech","engsci",1
250,1,0,1,280,15,1,NA,0,NA,0,NA,0,NA,0,NA,0,NA,0,2,"maths","mech","engsci",1
251,1,0,2,180,45,1,NA,0,NA,0,NA,0,NA,0,NA,0,NA,0,4,"maths","mech","engsci",1
252,1,0,2,380,50,2,45,1,NA,0,NA,0,80,1,NA,0,65,1,1,"maths","mech","engsci",1
253,1,0,2,165,5,1,NA,0,NA,0,NA,0,60,1,NA,0,NA,0,3,"maths","mech","engsci",1
254,1,0,3,180,15,1,10,1,NA,0,NA,0,NA,0,NA,0,25,1,3,"maths","mech","engsci",1
255,1,0,1,190,5,1,35,1,NA,0,NA,0,NA,0,NA,0,20,1,4,"maths","mech","engsci",1
256,1,0,2,210,15,1,NA,0,NA,0,NA,0,NA,0,NA,0,NA,0,1,"maths","mech","engsci",1
257,1,1,1,270,45,1,0,1,NA,0,NA,0,NA,0,NA,0,60,1,3,"maths","mech","engsci",1
258,1,1,2,350,60,1,55,1,NA,0,NA,0,NA,0,NA,0,75,1,1,"maths","mech","engsci",1
259,1,1,1,330,20,1,35,1,NA,0,NA,0,75,1,NA,0,NA,0,1,"maths","mech","engsci",1
260,1,1,2,290,40,1,40,1,NA,0,NA,0,NA,0,NA,0,70,1,1,"maths","mech","engsci",1
261,1,1,1,325,30,1,NA,0,NA,0,NA,0,75,1,NA,0,NA,0,4,"maths","mech","engsci",1
262,0,1,2,315,35,1,NA,0,NA,0,NA,0,NA,0,NA,0,NA,0,2,"maths","mech","engsci",1
263,1,1,2,200,40,1,25,1,NA,0,NA,0,NA,0,NA,0,30,1,1,"maths","mech","engsci",1
264,1,1,3,220,35,1,NA,0,NA,0,NA,0,NA,0,NA,0,NA,0,1,"maths","mech","engsci",1
265,0,1,1,215,30,1,NA,0,NA,0,NA,0,NA,0,NA,0,NA,0,2,"maths","mech","engsci",1
266,1,1,3,275,25,1,NA,0,NA,0,NA,0,NA,0,NA,0,NA,0,1,"maths","mech","engsci",1
267,1,1,3,195,10,1,NA,0,NA,0,NA,0,NA,0,NA,0,60,1,2,"maths","mech","engsci",1
268,1,1,3,355,45,1,NA,0,NA,0,NA,0,85,1,NA,0,80,1,1,"maths","mech","engsci",1
269,1,1,2,270,50,1,NA,0,NA,0,NA,0,NA,0,NA,0,NA,0,3,"maths","mech","engsci",1
270,1,1,3,270,35,1,30,1,NA,0,NA,0,NA,0,NA,0,65,1,4,"maths","mech","engsci",1
271,1,1,1,280,35,1,NA,0,NA,0,NA,0,NA,0,NA,0,40,1,2,"maths","mech","engsci",1
272,1,1,1,305,25,1,NA,0,NA,0,NA,0,80,1,NA,0,NA,0,2,"maths","mech","engsci",1
273,1,1,2,130,45,1,35,1,NA,0,NA,0,NA,0,NA,0,NA,0,1,"maths","mech","engsci",1
274,1,0,2,215,10,1,15,1,NA,0,NA,0,NA,0,NA,0,NA,0,4,"maths","autoeng","engsci",1
275,1,0,1,240,50,1,NA,0,NA,0,NA,0,NA,0,NA,0,NA,0,4,"maths","autoeng","engsci",1
276,1,0,2,230,5,1,NA,0,NA,0,NA,0,75,1,NA,0,NA,0,1,"maths","autoeng","engsci",1
277,1,0,2,360,15,1,NA,0,NA,0,NA,0,NA,0,NA,0,NA,0,1,"maths","autoeng","engsci",1
278,1,0,1,305,25,1,NA,0,NA,0,NA,0,NA,0,NA,0,NA,0,1,"maths","autoeng","engsci",1
279,1,0,2,210,20,1,NA,0,NA,0,NA,0,NA,0,NA,0,NA,0,4,"maths","autoeng","engsci",1
280,1,0,1,260,25,1,35,1,NA,0,NA,0,80,1,NA,0,NA,0,2,"maths","autoeng","engsci",1
281,1,0,1,265,50,1,NA,0,NA,0,NA,0,NA,0,NA,0,NA,0,1,"maths","autoeng","engsci",1
282,1,0,1,205,5,1,NA,0,NA,0,NA,0,55,1,NA,0,NA,0,1,"maths","autoeng","engsci",1
283,1,0,3,285,30,1,30,1,NA,0,NA,0,80,1,NA,0,60,1,2,"maths","autoeng","engsci",1
284,1,0,2,265,20,1,NA,0,NA,0,NA,0,70,1,NA,0,NA,0,2,"maths","autoeng","engsci",1
285,1,0,2,255,20,1,NA,0,NA,0,NA,0,NA,0,NA,0,NA,0,1,"maths","autoeng","engsci",1
286,1,0,2,85,10,1,NA,0,NA,0,NA,0,NA,0,NA,0,NA,0,1,"maths","autoeng","engsci",1
287,1,0,3,225,30,1,NA,0,NA,0,NA,0,65,1,NA,0,40,1,1,"maths","autoeng","engsci",1
288,1,0,1,240,40,1,NA,0,NA,0,NA,0,NA,0,NA,0,NA,0,1,"maths","autoeng","engsci",1
289,1,0,1,250,30,1,NA,0,NA,0,NA,0,NA,0,NA,0,NA,0,2,"maths","autoeng","engsci",1
290,0,0,1,335,5,1,NA,0,NA,0,NA,0,NA,0,NA,0,NA,0,3,"maths","autoeng","engsci",1
291,1,0,2,240,50,1,NA,0,NA,0,NA,0,NA,0,NA,0,NA,0,4,"maths","autoeng","engsci",1
292,1,0,1,240,10,1,NA,0,NA,0,NA,0,NA,0,NA,0,NA,0,1,"maths","autoeng","engsci",1
293,1,1,2,260,25,1,NA,0,NA,0,NA,0,NA,0,NA,0,NA,0,1,"maths","autoeng","engsci",1
294,1,1,3,240,15,1,0,1,NA,0,NA,0,NA,0,NA,0,NA,0,1,"maths","autoeng","engsci",1
295,1,1,2,295,40,1,NA,0,NA,0,NA,0,NA,0,NA,0,75,1,1,"maths","autoeng","engsci",1
296,1,1,3,240,15,1,NA,0,NA,0,NA,0,NA,0,NA,0,NA,0,1,"maths","autoeng","engsci",1
297,1,1,2,215,50,1,NA,0,NA,0,NA,0,NA,0,NA,0,70,1,1,"maths","autoeng","engsci",1
298,1,1,2,255,10,1,20,1,NA,0,NA,0,NA,0,NA,0,NA,0,2,"maths","autoeng","engsci",1
299,1,1,3,230,15,1,NA,0,NA,0,NA,0,NA,0,NA,0,NA,0,3,"maths","autoeng","engsci",1
300,1,1,2,245,20,1,NA,0,NA,0,NA,0,80,1,NA,0,NA,0,1,"maths","autoeng","engsci",1
301,0,1,2,275,40,1,NA,0,55,1,NA,0,NA,0,NA,0,NA,0,1,"maths","autoeng","engsci",1
302,1,1,1,255,25,1,40,1,NA,0,NA,0,NA,0,NA,0,NA,0,4,"maths","autoeng","engsci",1
303,1,1,2,310,10,1,35,1,NA,0,NA,0,90,1,NA,0,NA,0,1,"maths","autoeng","engsci",1
304,1,1,3,240,15,1,NA,0,NA,0,NA,0,NA,0,NA,0,45,1,1,"maths","autoeng","engsci",1
305,1,1,2,290,40,1,NA,0,NA,0,NA,0,NA,0,NA,0,60,1,2,"maths","autoeng","engsci",1
306,1,1,3,325,25,1,45,1,NA,0,NA,0,70,1,NA,0,70,1,1,"maths","autoeng","engsci",1
307,1,1,2,285,20,1,NA,0,NA,0,NA,0,NA,0,NA,0,NA,0,1,"maths","autoeng","engsci",1
308,1,1,1,280,60,1,45,1,NA,0,NA,0,NA,0,NA,0,NA,0,1,"maths","autoeng","engsci",1
309,1,1,1,255,30,1,NA,0,NA,0,NA,0,NA,0,NA,0,NA,0,1,"maths","autoeng","engsci",1
310,1,1,1,215,5,1,NA,0,NA,0,NA,0,70,1,NA,0,35,1,1,"maths","autoeng","engsci",1
311,1,1,3,305,10,1,NA,0,NA,0,NA,0,65,1,NA,0,30,1,3,"maths","autoeng","engsci",1
312,1,1,1,250,25,1,NA,0,NA,0,NA,0,NA,0,NA,0,NA,0,3,"maths","autoeng","engsci",1
313,1,1,2,265,20,1,NA,0,NA,0,NA,0,NA,0,NA,0,NA,0,2,"maths","autoeng","engsci",1
314,0,1,2,305,20,1,NA,0,NA,0,NA,0,NA,0,NA,0,NA,0,1,"maths","autoeng","engsci",1
315,1,1,3,360,40,1,NA,0,NA,0,NA,0,NA,0,45,1,NA,0,1,"maths","autoeng","engsci",1
316,1,1,2,365,25,1,NA,0,NA,0,NA,0,NA,0,NA,0,NA,0,1,"maths","autoeng","engsci",1
317,1,1,3,270,30,1,35,1,NA,0,NA,0,NA,0,NA,0,55,1,1,"maths","autoeng","engsci",1
318,1,1,2,260,20,1,30,1,NA,0,NA,0,35,1,NA,0,55,1,1,"maths","autoeng","engsci",1
319,1,0,2,185,50,1,NA,0,NA,0,NA,0,NA,0,NA,0,NA,0,4,"maths","elec","engsci",1
320,1,0,1,205,35,1,20,1,NA,0,NA,0,NA,0,NA,0,NA,0,1,"maths","elec","engsci",1
321,1,0,1,275,35,1,NA,0,NA,0,NA,0,NA,0,NA,0,NA,0,4,"maths","elec","engsci",1
322,1,0,1,230,35,1,NA,0,NA,0,NA,0,60,1,NA,0,NA,0,1,"maths","elec","engsci",1
323,1,0,2,465,50,1,NA,0,30,1,NA,0,NA,0,NA,0,NA,0,1,"maths","elec","engsci",1
324,1,0,2,250,45,1,NA,0,NA,0,NA,0,NA,0,NA,0,NA,0,4,"maths","elec","engsci",1
325,1,0,3,235,40,1,NA,0,NA,0,NA,0,NA,0,NA,0,NA,0,1,"maths","elec","engsci",1
326,0,0,1,155,50,2,0,1,NA,0,NA,0,NA,0,NA,0,NA,0,1,"maths","elec","engsci",1
327,1,0,1,305,40,1,NA,0,NA,0,NA,0,NA,0,NA,0,NA,0,1,"maths","elec","engsci",1
328,1,0,2,270,35,1,NA,0,NA,0,NA,0,NA,0,NA,0,40,1,1,"maths","elec","engsci",1
329,1,0,2,200,50,1,30,1,NA,0,NA,0,NA,0,NA,0,NA,0,1,"maths","elec","engsci",1
330,1,0,2,280,45,1,NA,0,NA,0,NA,0,NA,0,NA,0,NA,0,2,"maths","elec","engsci",1
331,1,0,1,170,35,1,NA,0,NA,0,NA,0,NA,0,NA,0,NA,0,4,"maths","elec","engsci",1
332,1,0,3,415,55,2,NA,0,65,1,NA,0,NA,0,NA,0,NA,0,1,"maths","elec","engsci",1
333,1,0,3,495,60,1,NA,0,100,1,NA,0,NA,0,NA,0,NA,0,1,"maths","elec","engsci",1
334,1,0,2,335,35,1,NA,0,NA,0,NA,0,NA,0,NA,0,NA,0,1,"maths","elec","engsci",1
335,1,0,2,390,60,1,65,1,60,1,NA,0,NA,0,NA,0,NA,0,1,"maths","elec","engsci",1
336,1,1,2,345,60,2,55,1,NA,0,NA,0,NA,0,NA,0,70,1,1,"maths","elec","engsci",1
337,1,1,1,240,35,1,NA,0,40,1,NA,0,NA,0,NA,0,NA,0,1,"maths","elec","engsci",1
338,1,1,2,355,65,2,NA,0,NA,0,NA,0,70,1,40,1,60,1,1,"maths","elec","engsci",1
339,1,1,2,320,55,2,35,1,NA,0,NA,0,70,1,NA,0,60,1,1,"maths","elec","engsci",1
340,1,1,1,295,60,2,35,1,NA,0,NA,0,NA,0,NA,0,NA,0,1,"maths","elec","engsci",1
341,0,1,3,410,55,2,60,1,60,1,NA,0,NA,0,NA,0,NA,0,1,"maths","elec","engsci",1
342,0,1,2,360,45,1,25,1,NA,0,NA,0,80,1,NA,0,NA,0,1,"maths","elec","engsci",1
343,1,1,2,345,50,2,55,1,NA,0,NA,0,NA,0,NA,0,65,1,1,"maths","elec","engsci",1
344,1,1,3,325,60,1,50,1,NA,0,NA,0,NA,0,NA,0,30,1,3,"maths","elec","engsci",1
345,1,1,1,215,10,1,NA,0,NA,0,NA,0,45,1,NA,0,NA,0,1,"maths","elec","engsci",1
346,1,1,3,285,35,1,40,1,NA,0,NA,0,NA,0,NA,0,NA,0,1,"maths","elec","engsci",1
347,1,1,2,265,55,2,NA,0,NA,0,NA,0,NA,0,NA,0,NA,0,1,"maths","elec","engsci",1
348,1,0,1,140,5,1,20,1,NA,0,NA,0,70,1,NA,0,NA,0,3,"autoCAD","elec","engsci",1
349,1,0,1,185,30,1,0,1,NA,0,NA,0,NA,0,NA,0,30,1,4,"autoCAD","elec","engsci",1
350,1,0,1,190,10,1,NA,0,NA,0,NA,0,NA,0,NA,0,NA,0,1,"autoCAD","elec","engsci",1
351,1,0,1,215,40,1,NA,0,NA,0,NA,0,NA,0,NA,0,45,1,3,"autoCAD","elec","engsci",1
352,1,0,3,190,15,1,NA,0,NA,0,NA,0,NA,0,NA,0,NA,0,3,"autoCAD","elec","engsci",1
353,1,0,2,245,20,1,25,1,NA,0,NA,0,75,1,NA,0,NA,0,4,"autoCAD","elec","engsci",1
354,1,0,2,135,5,1,NA,0,NA,0,NA,0,NA,0,NA,0,50,1,2,"autoCAD","elec","engsci",1
355,1,0,1,255,15,1,NA,0,NA,0,NA,0,NA,0,NA,0,NA,0,3,"autoCAD","elec","engsci",1
356,1,0,2,220,20,1,NA,0,NA,0,NA,0,NA,0,NA,0,20,1,2,"autoCAD","elec","engsci",1
357,1,0,2,160,5,1,5,1,NA,0,NA,0,70,1,NA,0,NA,0,4,"autoCAD","elec","engsci",1
358,1,0,2,260,20,1,NA,0,NA,0,NA,0,NA,0,NA,0,35,1,1,"autoCAD","elec","engsci",1
359,1,0,2,230,20,1,NA,0,NA,0,NA,0,NA,0,NA,0,NA,0,3,"autoCAD","elec","engsci",1
360,1,0,3,205,15,1,NA,0,NA,0,NA,0,30,1,NA,0,NA,0,2,"autoCAD","elec","engsci",1
361,1,0,1,190,10,1,NA,0,NA,0,NA,0,70,1,NA,0,NA,0,4,"autoCAD","elec","engsci",1
362,1,0,2,225,5,1,NA,0,NA,0,NA,0,55,1,NA,0,NA,0,4,"autoCAD","elec","engsci",1
363,1,0,3,130,45,1,NA,0,15,1,NA,0,NA,0,NA,0,NA,0,4,"autoCAD","elec","engsci",1
364,1,0,1,230,25,1,NA,0,NA,0,NA,0,NA,0,NA,0,NA,0,3,"autoCAD","elec","engsci",1
365,1,0,1,245,15,1,30,1,NA,0,NA,0,NA,0,NA,0,NA,0,3,"autoCAD","elec","engsci",1
366,1,0,1,275,35,1,NA,0,20,1,NA,0,55,1,NA,0,NA,0,1,"autoCAD","elec","engsci",1
367,1,0,2,105,20,1,20,1,NA,0,NA,0,NA,0,NA,0,NA,0,4,"autoCAD","elec","engsci",1
368,1,1,2,180,10,1,NA,0,NA,0,NA,0,75,1,NA,0,NA,0,1,"autoCAD","elec","engsci",1
369,1,1,2,175,5,1,NA,0,NA,0,NA,0,65,1,NA,0,NA,0,1,"autoCAD","elec","engsci",1
370,1,1,1,155,25,1,NA,0,NA,0,NA,0,NA,0,NA,0,NA,0,1,"autoCAD","elec","engsci",1
371,1,1,3,355,45,1,NA,0,NA,0,NA,0,NA,0,50,1,85,1,1,"autoCAD","elec","engsci",1
372,1,1,1,250,25,1,NA,0,NA,0,NA,0,NA,0,NA,0,NA,0,2,"autoCAD","elec","engsci",1
373,1,1,1,145,25,1,NA,0,NA,0,NA,0,NA,0,NA,0,NA,0,2,"autoCAD","elec","engsci",1
374,0,1,2,195,10,1,NA,0,NA,0,NA,0,70,1,NA,0,NA,0,4,"autoCAD","elec","engsci",1
375,1,1,2,250,50,1,0,1,NA,0,NA,0,NA,0,NA,0,NA,0,2,"autoCAD","elec","engsci",1
376,1,1,1,265,45,1,NA,0,NA,0,NA,0,80,1,10,1,40,1,3,"autoCAD","elec","engsci",1
377,1,1,2,140,20,1,NA,0,NA,0,NA,0,NA,0,NA,0,NA,0,3,"autoCAD","elec","engsci",1
378,1,1,3,225,20,1,NA,0,NA,0,NA,0,NA,0,NA,0,45,1,1,"autoCAD","elec","engsci",1
379,1,1,2,155,25,1,NA,0,NA,0,NA,0,NA,0,NA,0,45,1,4,"autoCAD","elec","engsci",1
380,1,1,1,205,25,1,NA,0,NA,0,NA,0,NA,0,NA,0,NA,0,1,"autoCAD","elec","engsci",1
381,1,1,2,270,40,1,NA,0,NA,0,NA,0,NA,0,NA,0,NA,0,1,"autoCAD","elec","engsci",1
382,1,1,1,235,25,1,NA,0,40,1,NA,0,NA,0,NA,0,NA,0,2,"autoCAD","elec","engsci",1
383,0,1,1,155,5,1,NA,0,NA,0,NA,0,NA,0,NA,0,NA,0,2,"autoCAD","elec","engsci",1
384,1,1,3,330,30,1,40,1,NA,0,NA,0,NA,0,NA,0,35,1,3,"autoCAD","elec","engsci",1
385,1,1,3,255,30,1,NA,0,NA,0,NA,0,NA,0,NA,0,NA,0,1,"autoCAD","elec","engsci",1
386,1,1,3,215,65,1,NA,0,NA,0,NA,0,NA,0,NA,0,NA,0,1,"autoCAD","elec","engsci",1
387,1,1,1,240,45,1,10,1,NA,0,NA,0,NA,0,NA,0,NA,0,1,"autoCAD","elec","engsci",1
388,1,1,2,250,35,1,40,1,NA,0,NA,0,NA,0,NA,0,NA,0,1,"autoCAD","elec","engsci",1
389,1,1,1,355,60,1,75,1,NA,0,NA,0,NA,0,NA,0,NA,0,1,"autoCAD","elec","engsci",1
390,0,1,1,130,25,1,NA,0,NA,0,NA,0,NA,0,NA,0,NA,0,2,"autoCAD","elec","engsci",1
391,1,1,2,315,45,1,NA,0,NA,0,NA,0,NA,0,NA,0,NA,0,1,"autoCAD","elec","engsci",1
392,1,1,2,190,10,1,NA,0,NA,0,NA,0,55,1,NA,0,NA,0,2,"autoCAD","elec","engsci",1
393,1,1,2,215,20,1,30,1,NA,0,NA,0,NA,0,NA,0,30,1,1,"autoCAD","elec","engsci",1
394,1,0,3,410,50,1,80,1,NA,0,NA,0,80,1,NA,0,NA,0,1,"maths","elec","engsci",1
395,1,0,1,300,60,1,0,1,NA,0,NA,0,NA,0,NA,0,NA,0,2,"maths","elec","engsci",1
396,1,0,2,350,45,2,45,1,NA,0,NA,0,NA,0,NA,0,NA,0,1,"maths","elec","engsci",1
397,1,0,1,305,60,1,NA,0,NA,0,NA,0,NA,0,NA,0,60,1,2,"maths","elec","engsci",1
398,1,0,1,335,60,1,NA,0,NA,0,NA,0,NA,0,NA,0,NA,0,1,"maths","elec","engsci",1
399,1,0,1,315,45,1,NA,0,75,1,NA,0,NA,0,NA,0,NA,0,1,"maths","elec","engsci",1
400,1,0,2,255,35,1,NA,0,NA,0,NA,0,NA,0,NA,0,NA,0,1,"maths","elec","engsci",1
401,1,0,3,295,45,2,35,1,NA,0,NA,0,NA,0,NA,0,NA,0,2,"maths","elec","engsci",1
402,1,0,1,345,50,2,25,1,NA,0,NA,0,NA,0,NA,0,NA,0,2,"maths","elec","engsci",1
403,1,0,1,305,35,1,NA,0,20,1,NA,0,NA,0,NA,0,NA,0,1,"maths","elec","engsci",1
404,1,0,3,305,35,1,NA,0,NA,0,NA,0,NA,0,NA,0,NA,0,2,"maths","elec","engsci",1
405,1,0,2,325,45,2,30,1,NA,0,NA,0,NA,0,NA,0,NA,0,1,"maths","elec","engsci",1
406,1,0,3,300,45,2,0,1,NA,0,NA,0,NA,0,NA,0,90,1,1,"maths","elec","engsci",1
407,1,0,2,315,55,2,35,1,NA,0,NA,0,90,1,NA,0,NA,0,2,"maths","elec","engsci",1
408,1,0,1,310,45,1,45,1,NA,0,NA,0,NA,0,NA,0,30,1,1,"maths","elec","engsci",1
409,1,0,1,265,60,1,0,1,NA,0,NA,0,NA,0,NA,0,NA,0,2,"maths","elec","engsci",1
410,1,0,2,345,50,1,NA,0,45,1,NA,0,85,1,NA,0,NA,0,1,"maths","elec","engsci",1
411,1,0,3,305,35,1,35,1,NA,0,NA,0,NA,0,NA,0,NA,0,4,"maths","elec","engsci",1
412,1,0,1,260,35,1,35,1,20,1,NA,0,NA,0,NA,0,NA,0,1,"maths","elec","engsci",1
413,0,0,2,275,45,2,0,1,45,1,NA,0,NA,0,NA,0,NA,0,1,"maths","elec","engsci",1
414,1,0,1,305,40,1,NA,0,NA,0,NA,0,NA,0,NA,0,NA,0,1,"maths","elec","engsci",1
415,1,1,3,335,50,2,45,1,NA,0,NA,0,NA,0,NA,0,50,1,1,"maths","elec","engsci",1
416,1,1,1,280,40,1,25,1,NA,0,NA,0,NA,0,NA,0,NA,0,2,"maths","elec","engsci",1
417,1,1,3,450,45,2,65,1,NA,0,NA,0,NA,0,NA,0,NA,0,1,"maths","elec","engsci",1
418,1,1,1,320,45,1,50,1,NA,0,NA,0,85,1,NA,0,65,1,1,"maths","elec","engsci",1
419,1,1,1,315,45,2,60,1,NA,0,50,1,NA,0,NA,0,NA,0,2,"maths","elec","engsci",1
420,1,1,2,265,35,1,35,1,NA,0,NA,0,35,1,NA,0,60,1,3,"maths","elec","engsci",1
421,1,1,3,350,40,1,55,1,NA,0,NA,0,80,1,NA,0,NA,0,1,"maths","elec","engsci",1
422,1,1,2,430,50,1,NA,0,NA,0,NA,0,100,1,NA,0,80,1,1,"maths","elec","engsci",1
423,1,1,2,295,50,1,50,1,NA,0,NA,0,NA,0,NA,0,NA,0,1,"maths","elec","engsci",1
424,1,1,2,325,50,1,35,1,NA,0,NA,0,80,1,NA,0,60,1,1,"maths","elec","engsci",1
425,1,1,1,410,60,1,45,1,NA,0,NA,0,NA,0,NA,0,NA,0,1,"maths","elec","engsci",1
426,1,1,3,335,45,1,50,1,NA,0,NA,0,NA,0,NA,0,NA,0,1,"maths","elec","engsci",1
427,1,1,2,365,45,1,35,1,NA,0,NA,0,75,1,NA,0,NA,0,1,"maths","elec","engsci",1
428,1,0,1,250,30,1,NA,0,NA,0,NA,0,NA,0,NA,0,NA,0,3,"maths","elec","engsci",1
429,1,0,2,275,35,1,5,1,NA,0,NA,0,NA,0,NA,0,NA,0,2,"maths","elec","engsci",1
430,1,0,2,110,15,1,NA,0,NA,0,NA,0,NA,0,NA,0,NA,0,2,"maths","elec","engsci",1
431,1,0,2,280,35,1,NA,0,NA,0,NA,0,NA,0,NA,0,NA,0,4,"maths","elec","engsci",1
432,1,0,1,255,25,1,NA,0,NA,0,NA,0,NA,0,NA,0,NA,0,1,"maths","elec","engsci",1
433,1,0,1,300,45,1,NA,0,60,1,NA,0,NA,0,NA,0,70,1,2,"maths","elec","engsci",1
434,1,0,2,250,30,1,NA,0,NA,0,NA,0,NA,0,NA,0,40,1,1,"maths","elec","engsci",1
435,1,0,1,250,55,2,NA,0,NA,0,NA,0,NA,0,NA,0,NA,0,4,"maths","elec","engsci",1
436,1,0,1,245,10,1,NA,0,NA,0,NA,0,NA,0,NA,0,NA,0,2,"maths","elec","engsci",1
437,1,0,1,NA,NA,NA,NA,NA,NA,0,NA,0,NA,0,NA,0,NA,0,1,"maths","elec","engsci",1
438,1,0,1,270,25,1,NA,0,NA,0,NA,0,NA,0,NA,0,NA,0,2,"maths","elec","engsci",1
439,1,0,2,265,60,1,NA,0,NA,0,NA,0,NA,0,NA,0,NA,0,1,"maths","elec","engsci",1
440,1,0,2,325,50,1,30,1,NA,0,NA,0,NA,0,NA,0,NA,0,1,"maths","elec","engsci",1
441,1,0,3,NA,NA,NA,NA,NA,NA,0,NA,0,NA,0,NA,0,NA,0,1,"maths","elec","engsci",1
442,1,0,2,315,25,1,NA,0,NA,0,NA,0,NA,0,NA,0,45,1,2,"maths","elec","engsci",1
443,0,0,1,215,30,1,NA,0,5,1,NA,0,NA,0,NA,0,NA,0,4,"maths","elec","engsci",1
444,1,0,2,245,30,1,NA,0,NA,0,NA,0,NA,0,NA,0,NA,0,4,"maths","elec","engsci",1
445,1,0,2,320,20,1,NA,0,NA,0,NA,0,85,1,NA,0,NA,0,1,"maths","elec","engsci",1
446,1,0,2,245,55,2,0,1,NA,0,NA,0,NA,0,NA,0,NA,0,3,"maths","elec","engsci",1
447,1,0,2,265,30,1,NA,0,NA,0,NA,0,70,1,NA,0,NA,0,2,"maths","elec","engsci",1
448,1,0,1,275,50,1,45,1,NA,0,50,1,NA,0,NA,0,70,1,3,"maths","elec","engsci",1
449,1,0,2,295,30,1,NA,0,NA,0,NA,0,NA,0,NA,0,NA,0,2,"maths","elec","engsci",1
450,0,1,3,250,30,1,NA,0,NA,0,NA,0,NA,0,NA,0,NA,0,2,"maths","elec","engsci",1
451,1,1,2,325,40,1,50,1,NA,0,NA,0,NA,0,NA,0,60,1,1,"maths","elec","engsci",1
452,1,1,1,335,40,1,45,1,NA,0,NA,0,75,1,NA,0,NA,0,1,"maths","elec","engsci",1
453,1,1,2,290,30,1,NA,0,NA,0,NA,0,NA,0,NA,0,65,1,2,"maths","elec","engsci",1
454,1,1,2,290,40,1,15,1,NA,0,NA,0,NA,0,NA,0,45,1,2,"maths","elec","engsci",1
455,1,1,1,295,60,2,55,1,NA,0,NA,0,NA,0,NA,0,NA,0,1,"maths","elec","engsci",1
456,1,1,2,410,40,1,NA,0,NA,0,NA,0,NA,0,NA,0,NA,0,1,"maths","elec","engsci",1
457,1,1,2,245,30,1,NA,0,NA,0,NA,0,NA,0,NA,0,NA,0,4,"maths","elec","engsci",1
458,1,1,2,255,50,2,0,1,NA,0,NA,0,NA,0,NA,0,NA,0,1,"maths","elec","engsci",1
459,1,1,1,245,45,1,30,1,NA,0,NA,0,NA,0,NA,0,NA,0,4,"maths","elec","engsci",1
460,0,1,1,265,50,2,NA,0,NA,0,NA,0,NA,0,NA,0,NA,0,2,"maths","elec","engsci",1
461,0,1,3,245,30,1,30,1,NA,0,NA,0,NA,0,NA,0,NA,0,3,"maths","elec","engsci",1
462,1,1,3,305,25,1,NA,0,NA,0,NA,0,NA,0,NA,0,NA,0,1,"maths","elec","engsci",1
463,1,1,2,245,50,2,45,1,NA,0,NA,0,NA,0,NA,0,NA,0,1,"maths","elec","engsci",1
464,0,1,2,305,40,1,NA,0,NA,0,NA,0,NA,0,NA,0,NA,0,1,"maths","elec","engsci",1
465,1,1,1,255,35,1,NA,0,NA,0,NA,0,NA,0,NA,0,NA,0,1,"maths","elec","engsci",1
466,1,1,2,310,50,1,NA,0,60,1,NA,0,NA,0,NA,0,40,1,2,"maths","elec","engsci",1
467,1,1,1,290,35,1,NA,0,NA,0,NA,0,NA,0,NA,0,NA,0,4,"maths","elec","engsci",1
468,1,1,2,250,25,1,45,1,NA,0,NA,0,NA,0,NA,0,NA,0,1,"maths","elec","engsci",1
469,1,1,2,320,35,1,35,1,NA,0,NA,0,75,1,NA,0,60,1,1,"maths","elec","engsci",1
470,1,1,1,250,35,1,NA,0,NA,0,NA,0,NA,0,NA,0,NA,0,4,"maths","elec","engsci",1
471,1,1,1,310,35,1,NA,0,NA,0,NA,0,NA,0,NA,0,NA,0,2,"maths","elec","engsci",1
472,1,0,1,395,65,2,45,1,NA,0,NA,0,85,1,NA,0,NA,0,1,"maths","mech","engsci",2
473,1,0,2,425,60,2,50,1,NA,0,NA,0,NA,0,NA,0,NA,0,2,"maths","mech","engsci",2
474,1,0,2,NA,NA,NA,NA,NA,NA,0,NA,0,NA,0,NA,0,NA,0,NA,"maths","mech","engsci",2
475,1,0,1,355,60,2,60,1,NA,0,NA,0,NA,0,NA,0,NA,0,4,"maths","mech","engsci",2
476,1,0,2,425,60,2,55,1,50,1,NA,0,90,1,NA,0,NA,0,2,"maths","mech","engsci",2
477,1,0,2,360,75,2,60,1,50,1,60,1,NA,0,NA,0,60,1,1,"maths","mech","engsci",2
478,1,0,3,470,65,2,NA,0,NA,0,NA,0,NA,0,NA,0,85,1,1,"maths","mech","engsci",2
479,1,0,2,420,65,2,NA,0,NA,0,NA,0,90,1,NA,0,NA,0,2,"maths","mech","engsci",2
480,1,0,3,395,65,2,70,1,NA,0,NA,0,NA,0,NA,0,NA,0,1,"maths","mech","engsci",2
481,1,0,2,355,60,2,NA,0,NA,0,NA,0,NA,0,NA,0,NA,0,3,"maths","mech","engsci",2
482,1,0,3,435,65,2,NA,0,NA,0,NA,0,NA,0,NA,0,NA,0,1,"maths","mech","engsci",2
483,1,0,3,465,75,2,NA,0,NA,0,NA,0,NA,0,NA,0,90,1,1,"maths","mech","engsci",2
484,1,0,1,345,0,2,60,1,45,1,NA,0,NA,0,NA,0,NA,0,4,"maths","mech","engsci",2
485,1,0,3,355,70,2,70,1,45,1,NA,0,NA,0,NA,0,65,1,4,"maths","mech","engsci",2
486,1,0,2,385,60,2,55,1,NA,0,NA,0,85,1,NA,0,NA,0,1,"maths","mech","engsci",2
487,1,0,3,455,75,2,60,1,NA,0,NA,0,NA,0,NA,0,NA,0,1,"maths","mech","engsci",2
488,1,0,1,355,65,2,60,1,NA,0,NA,0,NA,0,NA,0,70,1,1,"maths","mech","engsci",2
489,1,0,2,385,65,2,60,1,50,1,NA,0,NA,0,NA,0,NA,0,3,"maths","mech","engsci",2
490,1,0,2,425,80,2,75,1,NA,0,75,1,NA,0,NA,0,NA,0,4,"maths","mech","engsci",2
491,1,0,1,NA,NA,NA,NA,NA,NA,0,NA,0,NA,0,NA,0,NA,0,NA,"maths","mech","engsci",2
492,1,0,2,440,80,2,NA,0,60,1,NA,0,NA,0,NA,0,60,1,1,"maths","mech","engsci",2
493,1,0,3,385,60,2,60,1,60,1,NA,0,NA,0,NA,0,NA,0,1,"maths","mech","engsci",2
494,1,0,3,425,65,2,70,1,NA,0,NA,0,NA,0,NA,0,85,1,4,"maths","mech","engsci",2
495,1,0,2,425,75,2,55,1,NA,0,NA,0,NA,0,NA,0,NA,0,1,"maths","mech","engsci",2
496,1,0,2,415,60,2,NA,0,20,1,NA,0,NA,0,NA,0,65,1,4,"maths","mech","engsci",2
497,1,1,2,360,75,2,60,1,NA,0,NA,0,NA,0,NA,0,80,1,1,"maths","mech","engsci",2
498,1,1,1,455,70,2,70,1,NA,0,NA,0,NA,0,NA,0,90,1,1,"maths","mech","engsci",2
499,1,1,2,435,80,2,70,1,NA,0,NA,0,NA,0,NA,0,80,1,3,"maths","mech","engsci",2
500,1,1,3,485,85,2,80,1,NA,0,NA,0,90,1,NA,0,90,1,1,"maths","mech","engsci",2
501,1,1,2,455,90,2,65,1,75,1,NA,0,NA,0,NA,0,80,1,1,"maths","mech","engsci",2
502,1,1,3,380,85,2,70,1,65,1,85,1,NA,0,NA,0,NA,0,4,"maths","mech","engsci",2
503,1,1,1,430,75,2,80,1,NA,0,70,1,NA,0,NA,0,NA,0,4,"maths","mech","engsci",2
504,1,1,1,420,60,2,60,1,NA,0,NA,0,90,1,NA,0,80,1,1,"maths","mech","engsci",2
505,0,1,2,410,75,2,65,1,50,1,45,1,NA,0,NA,0,NA,0,1,"maths","mech","engsci",2
506,1,1,1,530,90,2,85,1,NA,0,NA,0,NA,0,NA,0,100,1,1,"maths","mech","engsci",2
507,1,1,3,385,75,2,65,1,50,1,65,1,NA,0,NA,0,85,1,2,"maths","mech","engsci",2
508,1,1,2,425,85,2,75,1,NA,0,NA,0,NA,0,NA,0,NA,0,3,"maths","mech","engsci",2
509,0,1,1,450,65,2,60,1,NA,0,NA,0,NA,0,NA,0,NA,0,1,"maths","mech","engsci",2
510,1,1,2,395,60,2,60,1,NA,0,NA,0,100,1,NA,0,NA,0,1,"maths","mech","engsci",2
511,1,1,1,540,85,2,NA,0,100,1,NA,0,NA,0,NA,0,100,1,1,"maths","mech","engsci",2
512,1,1,2,395,70,2,NA,0,60,1,NA,0,NA,0,NA,0,NA,0,4,"maths","mech","engsci",2
513,1,1,2,490,70,2,75,1,NA,0,60,1,100,1,NA,0,NA,0,1,"maths","mech","engsci",2
514,0,1,3,435,70,2,65,1,55,1,NA,0,100,1,NA,0,NA,0,1,"maths","mech","engsci",2
515,1,1,3,420,60,2,25,1,NA,0,NA,0,100,1,NA,0,NA,0,2,"maths","mech","engsci",2
516,1,1,1,430,75,2,NA,0,NA,0,NA,0,NA,0,NA,0,100,1,4,"maths","mech","engsci",2
517,1,1,3,400,70,2,60,1,75,1,NA,0,NA,0,NA,0,NA,0,2,"maths","mech","engsci",2
518,1,1,2,235,30,1,45,1,NA,0,NA,0,NA,0,NA,0,NA,0,1,"maths","mech","engsci",2
519,1,1,3,415,75,2,NA,0,NA,0,NA,0,85,1,NA,0,70,1,2,"maths","mech","engsci",2
520,1,1,3,390,80,2,70,1,NA,0,NA,0,NA,0,NA,0,75,1,3,"maths","mech","engsci",2
521,1,1,2,470,70,2,50,1,NA,0,NA,0,100,1,NA,0,NA,0,1,"maths","mech","engsci",2
522,1,1,2,425,85,2,60,1,NA,0,NA,0,NA,0,NA,0,80,1,4,"maths","mech","engsci",2
523,1,1,2,385,60,2,60,1,NA,0,NA,0,75,1,NA,0,NA,0,3,"maths","mech","engsci",2
524,0,1,3,475,80,2,70,1,NA,0,NA,0,NA,0,NA,0,NA,0,1,"maths","mech","engsci",2
525,1,1,1,280,45,1,NA,0,50,1,NA,0,NA,0,NA,0,NA,0,1,"maths","mech","engsci",2
526,1,1,1,400,75,2,75,1,NA,0,NA,0,NA,0,NA,0,NA,0,3,"maths","mech","engsci",2
527,1,1,1,375,75,2,70,1,NA,0,NA,0,NA,0,NA,0,NA,0,4,"maths","mech","engsci",2
528,1,1,2,365,70,2,65,1,NA,0,40,1,75,1,NA,0,45,1,4,"maths","mech","engsci",2
529,1,1,3,400,80,2,NA,0,80,1,NA,0,NA,0,NA,0,NA,0,3,"maths","mech","engsci",2
530,1,1,1,270,40,1,60,1,NA,0,NA,0,NA,0,NA,0,NA,0,1,"maths","mech","engsci",2
531,1,1,3,370,70,2,NA,0,60,1,NA,0,NA,0,NA,0,80,1,4,"maths","mech","engsci",2
532,1,1,3,390,60,2,NA,0,NA,0,NA,0,75,1,50,1,65,1,4,"maths","mech","engsci",2
533,0,1,3,380,70,2,65,1,55,1,NA,0,NA,0,NA,0,NA,0,2,"maths","mech","engsci",2
534,1,1,1,385,85,2,55,1,NA,0,85,1,NA,0,NA,0,NA,0,2,"maths","mech","engsci",2
535,1,1,1,390,70,2,65,1,70,1,45,1,NA,0,NA,0,NA,0,1,"maths","mech","engsci",2
536,1,1,2,395,65,2,75,1,NA,0,65,1,NA,0,NA,0,NA,0,4,"maths","mech","engsci",2
537,1,1,1,395,70,2,45,1,NA,0,75,1,NA,0,NA,0,NA,0,4,"maths","mech","engsci",2
538,1,1,2,495,85,2,70,1,NA,0,NA,0,100,1,NA,0,80,1,1,"maths","mech","engsci",2
539,1,1,1,440,70,2,70,1,NA,0,NA,0,NA,0,NA,0,60,1,1,"maths","mech","engsci",2
540,1,1,1,390,85,2,45,1,NA,0,NA,0,NA,0,NA,0,NA,0,1,"maths","mech","engsci",2
541,1,1,1,440,80,2,NA,0,NA,0,NA,0,90,1,65,1,50,1,1,"maths","mech","engsci",2
542,1,1,2,365,85,2,60,1,NA,0,NA,0,NA,0,NA,0,65,1,2,"maths","mech","engsci",2
543,1,1,3,385,65,2,NA,0,NA,0,NA,0,NA,0,70,1,60,1,3,"maths","mech","engsci",2
544,1,1,3,415,80,2,55,0,NA,0,NA,0,NA,0,NA,0,NA,0,3,"maths","mech","engsci",2
545,1,1,2,390,60,2,65,1,NA,0,NA,0,NA,0,NA,0,85,1,2,"maths","mech","engsci",2
546,1,1,2,385,70,2,60,1,75,1,35,1,NA,0,NA,0,NA,0,3,"maths","mech","engsci",2
547,1,1,2,460,100,2,50,1,80,1,NA,0,NA,0,NA,0,80,1,1,"maths","mech","engsci",2
548,1,1,2,440,70,2,70,1,NA,0,NA,0,NA,0,NA,0,85,1,1,"maths","mech","engsci",2
549,1,1,1,385,65,2,45,1,NA,0,NA,0,90,1,NA,0,NA,0,3,"maths","mech","engsci",2
550,1,1,3,415,60,2,55,1,NA,0,NA,0,90,1,NA,0,70,1,4,"maths","mech","engsci",2
551,1,1,3,440,60,2,75,1,NA,0,NA,0,NA,0,NA,0,75,1,2,"maths","mech","engsci",2
552,1,1,3,410,75,2,75,1,NA,0,NA,0,NA,0,NA,0,70,1,4,"maths","mech","engsci",2
553,1,1,2,455,70,2,65,1,NA,0,NA,0,100,1,NA,0,70,1,1,"maths","mech","engsci",2
554,1,1,3,405,65,2,60,1,NA,0,NA,0,NA,0,NA,0,NA,0,1,"maths","mech","engsci",2
555,1,1,2,425,60,2,70,1,NA,0,NA,0,90,1,NA,0,70,1,3,"maths","mech","engsci",2
556,1,1,1,405,75,2,75,1,80,1,NA,0,NA,0,NA,0,NA,0,4,"maths","mech","engsci",2
557,1,1,1,415,80,2,55,1,NA,0,70,1,NA,0,NA,0,80,1,4,"maths","mech","engsci",2
558,1,1,3,450,85,2,NA,0,NA,0,NA,0,NA,0,NA,0,100,1,1,"maths","mech","engsci",2
559,1,1,2,270,45,2,45,1,NA,0,NA,0,65,1,NA,0,NA,0,1,"maths","mech","engsci",2
560,1,1,3,440,70,2,60,1,NA,0,NA,0,100,1,NA,0,50,1,1,"maths","mech","engsci",2
561,1,1,3,405,90,2,65,1,55,1,85,1,NA,0,NA,0,60,1,4,"maths","mech","engsci",2
562,1,1,3,375,65,2,NA,0,55,1,NA,0,85,1,NA,0,NA,0,1,"maths","mech","engsci",2
563,1,0,1,320,45,1,50,1,NA,0,NA,0,NA,0,NA,0,NA,0,1,"maths","tech","elec",2
564,0,0,NA,NA,NA,NA,NA,NA,NA,0,NA,0,NA,0,NA,0,NA,0,NA,"maths","tech","elec",2
565,1,1,2,295,35,1,30,1,NA,0,NA,0,NA,0,NA,0,NA,0,4,"maths","tech","elec",2
566,1,1,2,NA,NA,NA,NA,NA,NA,0,NA,0,NA,0,NA,0,NA,0,1,"maths","tech","elec",2
567,1,1,1,350,55,2,45,1,NA,0,NA,0,NA,0,NA,0,NA,0,3,"maths","tech","elec",2
568,1,1,1,310,60,1,35,1,NA,0,NA,0,NA,0,NA,0,NA,0,1,"maths","tech","elec",2
569,1,1,3,335,50,1,NA,0,NA,0,NA,0,80,1,NA,0,45,1,2,"maths","tech","elec",2
570,1,1,2,370,65,2,NA,0,40,1,NA,0,NA,0,NA,0,70,1,4,"maths","tech","elec",2
571,1,1,3,435,60,1,75,1,NA,0,NA,0,NA,0,NA,0,NA,0,1,"maths","tech","elec",2
572,1,1,2,340,50,1,45,1,NA,0,45,1,NA,0,NA,0,NA,0,2,"maths","tech","elec",2
573,1,1,3,350,45,1,60,1,NA,0,NA,0,NA,0,NA,0,NA,0,1,"maths","tech","elec",2
574,1,1,1,400,50,1,75,1,NA,0,NA,0,NA,0,NA,0,NA,0,1,"maths","tech","elec",2
575,1,1,1,400,45,2,55,1,NA,0,NA,0,80,1,NA,0,NA,0,4,"maths","tech","elec",2
576,1,1,1,375,60,1,45,1,NA,0,NA,0,85,1,NA,0,NA,0,1,"maths","tech","elec",2
577,1,1,2,365,50,2,55,1,NA,0,NA,0,100,1,NA,0,NA,0,3,"maths","tech","elec",2
578,1,0,1,370,35,1,NA,0,NA,0,NA,0,NA,0,NA,0,NA,0,3,"maths","physics","elec",2
579,1,0,2,270,70,2,60,1,45,1,NA,0,NA,0,NA,0,NA,0,4,"maths","physics","elec",2
580,1,0,1,390,60,2,75,1,NA,0,NA,0,NA,0,NA,0,NA,0,4,"maths","physics","elec",2
581,1,0,2,370,75,2,NA,0,75,1,NA,0,NA,0,NA,0,75,1,1,"maths","physics","elec",2
582,1,0,2,NA,NA,NA,NA,NA,NA,0,NA,0,NA,0,NA,0,NA,0,2,"maths","physics","elec",2
583,1,0,3,400,65,2,NA,0,70,1,NA,0,NA,0,NA,0,NA,0,2,"maths","physics","elec",2
584,1,0,3,315,60,2,45,1,45,1,NA,0,80,1,NA,0,65,1,3,"maths","physics","elec",2
585,1,0,3,375,70,2,80,1,NA,0,NA,0,NA,0,NA,0,65,1,2,"maths","physics","elec",2
586,1,1,1,435,85,2,80,1,NA,0,NA,0,85,1,NA,0,NA,0,1,"maths","physics","elec",2
587,1,1,1,395,80,2,45,1,NA,0,60,1,NA,0,NA,0,65,1,1,"maths","physics","elec",2
588,1,1,1,405,65,2,NA,0,NA,0,NA,0,90,1,NA,0,60,1,1,"maths","physics","elec",2
589,1,1,1,440,75,2,70,1,NA,0,NA,0,NA,0,NA,0,75,1,2,"maths","physics","elec",2
590,1,1,2,385,70,2,70,1,NA,0,NA,0,NA,0,NA,0,60,1,1,"maths","physics","elec",2
591,1,1,3,360,60,2,50,1,NA,0,NA,0,80,1,NA,0,NA,0,1,"maths","physics","elec",2
592,1,1,3,305,75,2,70,1,70,1,NA,0,NA,0,NA,0,NA,0,1,"maths","physics","elec",2
593,1,1,1,NA,NA,NA,NA,NA,NA,0,NA,0,NA,0,NA,0,NA,0,1,"maths","physics","elec",2
594,1,1,2,345,65,2,65,1,NA,0,NA,0,NA,0,NA,0,80,1,1,"maths","physics","elec",2
595,1,1,2,NA,NA,NA,NA,NA,NA,0,NA,0,NA,0,NA,0,NA,0,NA,"maths","physics","elec",2
596,1,0,1,300,45,1,NA,0,NA,0,NA,0,NA,0,NA,0,NA,0,2,"maths","physics","elec",2
597,1,0,3,395,65,2,80,1,55,1,55,1,NA,0,NA,0,NA,0,1,"maths","physics","elec",2
598,1,0,2,320,60,2,60,1,50,1,NA,0,NA,0,NA,0,NA,0,4,"maths","physics","elec",2
599,1,0,1,250,25,1,0,1,NA,0,NA,0,NA,0,NA,0,NA,0,1,"maths","physics","elec",2
600,1,0,1,365,80,2,NA,1,NA,0,65,1,NA,0,NA,0,NA,0,2,"maths","physics","elec",2
601,1,0,1,170,0,2,NA,0,NA,0,NA,0,70,1,45,1,NA,0,4,"maths","physics","elec",2
602,1,0,2,315,60,2,NA,0,NA,0,NA,0,NA,0,NA,0,NA,0,1,"maths","physics","elec",2
603,1,1,1,360,75,2,70,1,60,1,NA,0,NA,0,NA,0,NA,0,1,"maths","physics","elec",2
604,1,1,3,425,65,2,45,1,85,1,NA,0,NA,0,NA,0,NA,0,1,"maths","physics","elec",2
605,1,1,2,205,35,1,NA,0,NA,0,NA,0,NA,0,NA,0,NA,0,1,"maths","physics","elec",2
606,1,1,1,NA,NA,NA,NA,NA,NA,0,NA,0,NA,0,NA,0,NA,0,4,"maths","physics","elec",2
607,1,1,2,NA,NA,NA,NA,NA,NA,0,NA,0,NA,0,NA,0,NA,0,2,"maths","physics","elec",2
